{
  "project_info": {
    "project_number": "234318646018",
    "firebase_url": "https://inventory-bengkel-default-rtdb.firebaseio.com",
    "project_id": "inventory-bengkel",
    "storage_bucket": "inventory-bengkel.appspot.com"
  },
  "client": [
    {
      "client_info": {
        "mobilesdk_app_id": "1:234318646018:android:f8c99923d31eacd6bd101b",
        "android_client_info": {
          "package_name": "com.rafcoding.inventory"
        }
      },
      "oauth_client": [
        {
          "client_id": "234318646018-8s94ji09nur6vjktes6eu8lb0jbhrq12.apps.googleusercontent.com",
          "client_type": 3
        }
      ],
      "api_key": [
        {
          "current_key": "AIzaSyBHfXr72CakvO1XQjTtufrk1PwS8acBJqk"
        }
      ],
      "services": {
        "appinvite_service": {
          "other_platform_oauth_client": [
            {
              "client_id": "234318646018-8s94ji09nur6vjktes6eu8lb0jbhrq12.apps.googleusercontent.com",
              "client_type": 3
            }
          ]
        }
      }
    }
  ],
  "configuration_version": "1"
}